,Id,Data,Produto,Categoria,Quantidade,Preco
0,1,2023-07-16,Samsung M10 Plus,Entrada,2,1833
1,2,2023-04-22,Redmi Note 16 Pro,Avançado,1,4060
2,3,2023-08-15,Moto G80 Plus,Avançado,2,4717
3,4,2023-09-25,Redmi Note 16 Pro,Avançado,1,4060
4,5,2023-04-08,Redmi Note 10,Entrada,2,1077
5,6,2023-08-27,Samsung A15,Intermediário,1,2836
6,7,2023-01-12,Redmi Note 10,Entrada,1,1077
7,8,2023-01-26,Redmi Note 10,Entrada,2,1077
8,9,2023-04-08,Redmi Note 16 Pro,Avançado,1,4060
9,10,2023-12-18,Moto G35,Intermediário,1,3384
10,11,2023-10-29,Samsung A15,Intermediário,2,2836
11,12,2023-09-20,Redmi Note 14 Pro,Intermediário,2,2764
12,13,2023-03-31,Redmi Note 14 Pro,Intermediário,1,2764
13,14,2023-12-11,Samsung S20 Ultra,Avançado,1,4185
14,15,2023-02-08,Redmi Note 14 Pro,Intermediário,1,2764
15,16,2023-02-21,Moto G80 Plus,Avançado,2,4717
16,17,2023-01-17,Samsung S20 Ultra,Avançado,2,4185
17,18,2023-08-07,Redmi Note 14 Pro,Intermediário,1,2764
18,19,2023-09-17,Moto G10 Plus,Entrada,1,1399
19,20,2023-12-13,Redmi Note 16 Pro,Avançado,1,4060
20,21,2023-05-03,Moto G10 Plus,Entrada,1,1399
21,22,2023-09-16,Redmi Note 16 Pro,Avançado,2,4060
22,23,2023-05-14,Moto G35,Intermediário,1,3384
23,24,2023-09-29,Redmi Note 14 Pro,Intermediário,1,2764
24,25,2023-12-01,Moto G10 Plus,Entrada,2,1399
25,26,2023-06-30,Moto G80 Plus,Avançado,2,4717
26,27,2023-12-26,Moto G35,Intermediário,2,3384
27,28,2023-09-21,Moto G35,Intermediário,2,3384
28,29,2023-06-29,Samsung A15,Intermediário,1,2836
29,30,2023-12-25,Moto G80 Plus,Avançado,1,4717
30,31,2023-09-07,Moto G10 Plus,Entrada,2,1399
31,32,2023-07-03,Moto G80 Plus,Avançado,2,4717
32,33,2023-04-24,Moto G10 Plus,Entrada,1,1399
33,34,2023-07-25,Samsung M10 Plus,Entrada,1,1833
34,35,2023-11-08,Redmi Note 16 Pro,Avançado,1,4060
35,36,2023-03-30,Samsung M10 Plus,Entrada,2,1833
36,37,2023-09-10,Moto G80 Plus,Avançado,2,4717
37,38,2023-11-21,Samsung S20 Ultra,Avançado,2,4185
38,39,2023-04-28,Samsung S20 Ultra,Avançado,1,4185
39,40,2023-07-05,Moto G35,Intermediário,1,3384
40,41,2023-12-16,Redmi Note 14 Pro,Intermediário,1,2764
41,42,2023-04-13,Moto G10 Plus,Entrada,2,1399
42,43,2023-07-26,Moto G80 Plus,Avançado,2,4717
43,44,2023-03-24,Redmi Note 16 Pro,Avançado,1,4060
44,45,2023-08-25,Redmi Note 14 Pro,Intermediário,1,2764
45,46,2023-01-04,Moto G80 Plus,Avançado,2,4717
46,47,2023-06-15,Redmi Note 14 Pro,Intermediário,2,2764
47,48,2023-10-13,Moto G10 Plus,Entrada,2,1399
48,49,2023-03-20,Redmi Note 10,Entrada,1,1077
49,50,2023-09-25,Moto G80 Plus,Avançado,1,4717
50,51,2023-01-12,Samsung A15,Intermediário,2,2836
51,52,2023-09-30,Redmi Note 14 Pro,Intermediário,1,2764
52,53,2023-03-02,Redmi Note 14 Pro,Intermediário,2,2764
53,54,2023-05-04,Moto G35,Intermediário,1,3384
54,55,2023-04-14,Moto G10 Plus,Entrada,1,1399
55,56,2023-07-11,Samsung M10 Plus,Entrada,1,1833
56,57,2023-07-07,Moto G10 Plus,Entrada,2,1399
57,58,2023-05-10,Redmi Note 16 Pro,Avançado,1,4060
58,59,2023-07-01,Moto G10 Plus,Entrada,2,1399
59,60,2023-10-12,Samsung A15,Intermediário,1,2836
60,61,2023-12-08,Redmi Note 16 Pro,Avançado,2,4060
61,62,2023-08-05,Moto G35,Intermediário,2,3384
62,63,2023-03-15,Samsung M10 Plus,Entrada,2,1833
63,64,2023-12-04,Moto G80 Plus,Avançado,2,4717
64,65,2023-01-16,Redmi Note 16 Pro,Avançado,2,4060
65,66,2023-05-12,Moto G10 Plus,Entrada,1,1399
66,67,2023-04-17,Redmi Note 16 Pro,Avançado,1,4060
67,68,2023-08-02,Samsung S20 Ultra,Avançado,2,4185
68,69,2023-10-12,Samsung S20 Ultra,Avançado,2,4185
69,70,2023-11-11,Redmi Note 16 Pro,Avançado,2,4060
70,71,2023-08-02,Samsung S20 Ultra,Avançado,1,4185
71,72,2023-03-20,Moto G80 Plus,Avançado,2,4717
72,73,2023-11-18,Samsung M10 Plus,Entrada,1,1833
73,74,2023-11-29,Redmi Note 16 Pro,Avançado,2,4060
74,75,2023-09-25,Moto G10 Plus,Entrada,1,1399
75,76,2023-10-09,Samsung A15,Intermediário,2,2836
76,77,2023-12-26,Moto G35,Intermediário,1,3384
77,78,2023-09-25,Samsung A15,Intermediário,1,2836
78,79,2023-12-13,Samsung S20 Ultra,Avançado,2,4185
79,80,2023-08-26,Redmi Note 14 Pro,Intermediário,2,2764
80,81,2023-05-25,Samsung A15,Intermediário,2,2836
81,82,2023-09-15,Redmi Note 14 Pro,Intermediário,2,2764
82,83,2023-01-17,Samsung S20 Ultra,Avançado,1,4185
83,84,2023-02-03,Moto G35,Intermediário,1,3384
84,85,2023-02-03,Samsung M10 Plus,Entrada,1,1833
85,86,2023-06-22,Moto G80 Plus,Avançado,1,4717
86,87,2023-10-24,Redmi Note 14 Pro,Intermediário,1,2764
87,88,2023-11-25,Samsung M10 Plus,Entrada,1,1833
88,89,2023-07-25,Moto G80 Plus,Avançado,2,4717
89,90,2023-04-17,Samsung M10 Plus,Entrada,1,1833
90,91,2023-03-25,Moto G80 Plus,Avançado,1,4717
91,92,2023-08-31,Samsung A15,Intermediário,1,2836
92,93,2023-11-21,Moto G10 Plus,Entrada,2,1399
93,94,2023-05-31,Moto G10 Plus,Entrada,1,1399
94,95,2023-03-06,Samsung A15,Intermediário,2,2836
95,96,2023-08-18,Samsung S20 Ultra,Avançado,1,4185
96,97,2023-10-15,Moto G35,Intermediário,1,3384
97,98,2023-03-21,Redmi Note 14 Pro,Intermediário,2,2764
98,99,2023-03-25,Redmi Note 16 Pro,Avançado,1,4060
99,100,2023-09-29,Redmi Note 10,Entrada,1,1077
100,101,2023-11-04,Redmi Note 10,Entrada,2,1077
101,102,2023-06-23,Samsung M10 Plus,Entrada,2,1833
102,103,2023-01-11,Moto G10 Plus,Entrada,1,1399
103,104,2023-04-16,Redmi Note 14 Pro,Intermediário,1,2764
104,105,2023-12-03,Redmi Note 10,Entrada,2,1077
105,106,2023-03-12,Redmi Note 10,Entrada,2,1077
106,107,2023-01-22,Redmi Note 10,Entrada,2,1077
107,108,2023-08-11,Moto G10 Plus,Entrada,2,1399
108,109,2023-07-15,Samsung M10 Plus,Entrada,1,1833
109,110,2023-12-03,Moto G80 Plus,Avançado,1,4717
110,111,2023-11-17,Redmi Note 14 Pro,Intermediário,2,2764
111,112,2023-05-10,Redmi Note 10,Entrada,1,1077
112,113,2023-11-03,Redmi Note 10,Entrada,2,1077
113,114,2023-12-19,Redmi Note 14 Pro,Intermediário,2,2764
114,115,2023-12-30,Moto G10 Plus,Entrada,1,1399
115,116,2023-12-05,Samsung A15,Intermediário,2,2836
116,117,2023-07-05,Redmi Note 16 Pro,Avançado,2,4060
117,118,2023-09-29,Moto G10 Plus,Entrada,1,1399
118,119,2023-01-29,Redmi Note 10,Entrada,1,1077
119,120,2023-11-24,Redmi Note 16 Pro,Avançado,2,4060
120,121,2023-10-11,Redmi Note 10,Entrada,1,1077
121,122,2023-08-05,Moto G80 Plus,Avançado,1,4717
122,123,2023-11-10,Samsung S20 Ultra,Avançado,1,4185
123,124,2023-11-11,Moto G10 Plus,Entrada,1,1399
124,125,2023-08-05,Moto G80 Plus,Avançado,1,4717
125,126,2023-09-27,Moto G10 Plus,Entrada,1,1399
126,127,2023-03-20,Moto G10 Plus,Entrada,2,1399
127,128,2023-10-04,Moto G10 Plus,Entrada,1,1399
128,129,2023-03-13,Samsung S20 Ultra,Avançado,2,4185
129,130,2023-07-03,Redmi Note 16 Pro,Avançado,2,4060
130,131,2023-10-28,Redmi Note 16 Pro,Avançado,2,4060
131,132,2023-08-24,Moto G35,Intermediário,1,3384
132,133,2023-09-03,Moto G10 Plus,Entrada,1,1399
133,134,2023-04-02,Moto G80 Plus,Avançado,2,4717
134,135,2023-02-14,Redmi Note 14 Pro,Intermediário,2,2764
135,136,2023-09-29,Redmi Note 10,Entrada,2,1077
136,137,2023-03-29,Redmi Note 10,Entrada,2,1077
137,138,2023-03-19,Moto G10 Plus,Entrada,1,1399
138,139,2023-04-06,Moto G35,Intermediário,2,3384
139,140,2023-04-21,Redmi Note 16 Pro,Avançado,1,4060
140,141,2023-07-30,Moto G80 Plus,Avançado,2,4717
141,142,2023-05-13,Samsung S20 Ultra,Avançado,1,4185
142,143,2023-01-29,Redmi Note 16 Pro,Avançado,1,4060
143,144,2023-07-13,Redmi Note 10,Entrada,2,1077
144,145,2023-02-19,Moto G10 Plus,Entrada,2,1399
145,146,2023-12-10,Samsung S20 Ultra,Avançado,2,4185
146,147,2023-02-27,Redmi Note 16 Pro,Avançado,2,4060
147,148,2023-07-28,Samsung S20 Ultra,Avançado,1,4185
148,149,2023-02-11,Samsung A15,Intermediário,1,2836
149,150,2023-08-29,Moto G10 Plus,Entrada,1,1399
150,151,2023-07-14,Redmi Note 16 Pro,Avançado,1,4060
151,152,2023-10-01,Samsung S20 Ultra,Avançado,1,4185
152,153,2023-01-21,Redmi Note 14 Pro,Intermediário,2,2764
153,154,2023-06-16,Moto G80 Plus,Avançado,1,4717
154,155,2023-11-17,Redmi Note 10,Entrada,2,1077
155,156,2023-05-15,Moto G35,Intermediário,1,3384
156,157,2023-08-25,Redmi Note 14 Pro,Intermediário,1,2764
157,158,2023-05-31,Redmi Note 14 Pro,Intermediário,2,2764
158,159,2023-03-21,Moto G80 Plus,Avançado,1,4717
159,160,2023-03-16,Samsung S20 Ultra,Avançado,1,4185
160,161,2023-06-12,Samsung S20 Ultra,Avançado,2,4185
161,162,2023-06-18,Redmi Note 14 Pro,Intermediário,1,2764
162,163,2023-06-16,Redmi Note 14 Pro,Intermediário,2,2764
163,164,2023-05-30,Redmi Note 10,Entrada,1,1077
164,165,2023-10-18,Samsung A15,Intermediário,2,2836
165,166,2023-06-10,Moto G80 Plus,Avançado,1,4717
166,167,2023-10-28,Moto G80 Plus,Avançado,1,4717
167,168,2023-04-10,Moto G35,Intermediário,2,3384
168,169,2023-10-25,Samsung M10 Plus,Entrada,2,1833
169,170,2023-09-07,Moto G35,Intermediário,1,3384
170,171,2023-12-26,Samsung A15,Intermediário,1,2836
171,172,2023-09-09,Redmi Note 14 Pro,Intermediário,1,2764
172,173,2023-11-01,Moto G80 Plus,Avançado,1,4717
173,174,2023-05-19,Moto G80 Plus,Avançado,1,4717
174,175,2023-11-21,Samsung S20 Ultra,Avançado,2,4185
175,176,2023-10-01,Redmi Note 14 Pro,Intermediário,2,2764
176,177,2023-09-17,Moto G10 Plus,Entrada,1,1399
177,178,2023-04-12,Samsung A15,Intermediário,2,2836
178,179,2023-04-05,Samsung A15,Intermediário,2,2836
179,180,2023-10-13,Moto G80 Plus,Avançado,1,4717
180,181,2023-04-13,Redmi Note 16 Pro,Avançado,1,4060
181,182,2023-05-04,Moto G35,Intermediário,1,3384
182,183,2023-06-08,Samsung M10 Plus,Entrada,2,1833
183,184,2023-07-23,Samsung S20 Ultra,Avançado,1,4185
184,185,2023-11-13,Samsung M10 Plus,Entrada,2,1833
185,186,2023-05-16,Redmi Note 10,Entrada,2,1077
186,187,2023-06-29,Samsung A15,Intermediário,2,2836
187,188,2023-09-02,Redmi Note 14 Pro,Intermediário,2,2764
188,189,2023-03-15,Samsung A15,Intermediário,2,2836
189,190,2023-06-18,Redmi Note 10,Entrada,2,1077
190,191,2023-09-01,Moto G80 Plus,Avançado,2,4717
191,192,2023-01-22,Redmi Note 16 Pro,Avançado,2,4060
192,193,2023-04-05,Moto G35,Intermediário,2,3384
193,194,2023-05-24,Redmi Note 16 Pro,Avançado,1,4060
194,195,2023-08-29,Moto G10 Plus,Entrada,2,1399
195,196,2023-10-01,Redmi Note 10,Entrada,2,1077
196,197,2023-09-24,Moto G80 Plus,Avançado,2,4717
197,198,2023-05-26,Samsung M10 Plus,Entrada,2,1833
198,199,2023-05-12,Moto G10 Plus,Entrada,1,1399
199,200,2023-03-15,Redmi Note 10,Entrada,1,1077
200,201,2023-10-13,Samsung A15,Intermediário,1,2836
201,202,2023-07-15,Samsung A15,Intermediário,1,2836
202,203,2023-08-15,Moto G80 Plus,Avançado,2,4717
203,204,2023-05-13,Moto G80 Plus,Avançado,2,4717
204,205,2023-12-13,Samsung S20 Ultra,Avançado,2,4185
205,206,2023-04-11,Moto G10 Plus,Entrada,1,1399
206,207,2023-05-15,Samsung M10 Plus,Entrada,2,1833
207,208,2023-02-02,Samsung A15,Intermediário,1,2836
208,209,2023-03-23,Moto G35,Intermediário,1,3384
209,210,2023-04-30,Moto G80 Plus,Avançado,2,4717
210,211,2023-09-03,Redmi Note 16 Pro,Avançado,1,4060
211,212,2023-10-21,Moto G10 Plus,Entrada,1,1399
212,213,2023-04-30,Samsung A15,Intermediário,2,2836
213,214,2023-10-11,Samsung A15,Intermediário,2,2836
214,215,2023-02-21,Redmi Note 10,Entrada,1,1077
215,216,2023-03-20,Redmi Note 16 Pro,Avançado,1,4060
216,217,2023-03-28,Samsung A15,Intermediário,2,2836
217,218,2023-04-06,Redmi Note 14 Pro,Intermediário,1,2764
218,219,2023-01-09,Samsung A15,Intermediário,1,2836
219,220,2023-11-09,Moto G35,Intermediário,1,3384
220,221,2023-10-13,Samsung A15,Intermediário,2,2836
221,222,2023-06-06,Redmi Note 10,Entrada,1,1077
222,223,2023-07-06,Moto G10 Plus,Entrada,1,1399
223,224,2023-04-22,Samsung M10 Plus,Entrada,1,1833
224,225,2023-05-25,Samsung S20 Ultra,Avançado,2,4185
225,226,2023-03-01,Redmi Note 14 Pro,Intermediário,1,2764
226,227,2023-09-05,Redmi Note 10,Entrada,2,1077
227,228,2023-01-08,Samsung A15,Intermediário,1,2836
228,229,2023-10-16,Moto G35,Intermediário,2,3384
229,230,2023-08-01,Redmi Note 14 Pro,Intermediário,2,2764
230,231,2023-08-24,Moto G35,Intermediário,2,3384
231,232,2023-03-17,Redmi Note 16 Pro,Avançado,2,4060
232,233,2023-08-10,Moto G10 Plus,Entrada,1,1399
233,234,2023-02-10,Samsung M10 Plus,Entrada,2,1833
234,235,2023-01-01,Moto G80 Plus,Avançado,1,4717
235,236,2023-08-01,Samsung A15,Intermediário,2,2836
236,237,2023-04-20,Moto G35,Intermediário,2,3384
237,238,2023-04-03,Samsung S20 Ultra,Avançado,1,4185
238,239,2023-07-25,Samsung S20 Ultra,Avançado,1,4185
239,240,2023-06-15,Moto G80 Plus,Avançado,1,4717
240,241,2023-03-03,Redmi Note 10,Entrada,2,1077
241,242,2023-04-14,Samsung A15,Intermediário,2,2836
242,243,2023-03-10,Moto G10 Plus,Entrada,1,1399
243,244,2023-07-05,Samsung A15,Intermediário,2,2836
244,245,2023-05-13,Samsung M10 Plus,Entrada,2,1833
245,246,2023-04-16,Moto G80 Plus,Avançado,1,4717
246,247,2023-02-06,Samsung M10 Plus,Entrada,1,1833
247,248,2023-12-03,Redmi Note 16 Pro,Avançado,1,4060
248,249,2023-06-15,Moto G35,Intermediário,1,3384
249,250,2023-08-11,Samsung A15,Intermediário,2,2836
250,251,2023-10-19,Moto G35,Intermediário,2,3384
251,252,2023-05-09,Moto G80 Plus,Avançado,1,4717
252,253,2023-02-19,Redmi Note 16 Pro,Avançado,2,4060
253,254,2023-07-05,Moto G80 Plus,Avançado,2,4717
254,255,2023-09-23,Moto G80 Plus,Avançado,2,4717
255,256,2023-02-20,Moto G80 Plus,Avançado,2,4717
256,257,2023-08-14,Moto G80 Plus,Avançado,2,4717
257,258,2023-06-26,Moto G35,Intermediário,2,3384
258,259,2023-01-13,Samsung S20 Ultra,Avançado,1,4185
259,260,2023-07-18,Moto G10 Plus,Entrada,2,1399
260,261,2023-05-05,Samsung M10 Plus,Entrada,2,1833
261,262,2023-04-10,Samsung A15,Intermediário,2,2836
262,263,2023-12-25,Redmi Note 14 Pro,Intermediário,1,2764
263,264,2023-02-06,Redmi Note 14 Pro,Intermediário,2,2764
264,265,2023-10-14,Moto G10 Plus,Entrada,2,1399
265,266,2023-04-25,Redmi Note 14 Pro,Intermediário,2,2764
266,267,2023-05-28,Samsung A15,Intermediário,2,2836
267,268,2023-02-05,Moto G80 Plus,Avançado,2,4717
268,269,2023-09-28,Redmi Note 14 Pro,Intermediário,1,2764
269,270,2023-01-30,Samsung M10 Plus,Entrada,2,1833
270,271,2023-03-02,Redmi Note 14 Pro,Intermediário,2,2764
271,272,2023-12-04,Moto G35,Intermediário,1,3384
272,273,2023-11-20,Redmi Note 16 Pro,Avançado,1,4060
273,274,2023-10-13,Moto G80 Plus,Avançado,2,4717
274,275,2023-06-05,Moto G35,Intermediário,2,3384
275,276,2023-05-12,Redmi Note 14 Pro,Intermediário,2,2764
276,277,2023-02-03,Moto G10 Plus,Entrada,1,1399
277,278,2023-09-03,Moto G35,Intermediário,2,3384
278,279,2023-08-17,Moto G10 Plus,Entrada,1,1399
279,280,2023-02-26,Moto G10 Plus,Entrada,2,1399
280,281,2023-10-05,Redmi Note 14 Pro,Intermediário,1,2764
281,282,2023-06-17,Moto G10 Plus,Entrada,1,1399
282,283,2023-08-23,Moto G10 Plus,Entrada,1,1399
283,284,2023-11-27,Moto G80 Plus,Avançado,2,4717
284,285,2023-01-30,Moto G35,Intermediário,2,3384
285,286,2023-08-30,Samsung A15,Intermediário,2,2836
286,287,2023-02-28,Redmi Note 14 Pro,Intermediário,2,2764
287,288,2023-10-08,Redmi Note 10,Entrada,2,1077
288,289,2023-04-25,Samsung A15,Intermediário,1,2836
289,290,2023-09-30,Redmi Note 14 Pro,Intermediário,2,2764
290,291,2023-12-23,Samsung A15,Intermediário,2,2836
291,292,2023-05-04,Redmi Note 10,Entrada,2,1077
292,293,2023-01-14,Redmi Note 16 Pro,Avançado,1,4060
293,294,2023-09-15,Moto G35,Intermediário,2,3384
294,295,2023-09-09,Samsung S20 Ultra,Avançado,2,4185
295,296,2023-09-16,Samsung A15,Intermediário,2,2836
296,297,2023-11-19,Redmi Note 14 Pro,Intermediário,1,2764
297,298,2023-05-28,Samsung M10 Plus,Entrada,2,1833
298,299,2023-09-08,Moto G80 Plus,Avançado,2,4717
299,300,2023-06-08,Redmi Note 10,Entrada,1,1077
300,301,2023-02-09,Redmi Note 16 Pro,Avançado,2,4060
301,302,2023-03-19,Moto G10 Plus,Entrada,1,1399
302,303,2023-10-10,Samsung S20 Ultra,Avançado,2,4185
303,304,2023-05-21,Samsung M10 Plus,Entrada,2,1833
304,305,2023-08-30,Redmi Note 16 Pro,Avançado,1,4060
305,306,2023-09-15,Redmi Note 16 Pro,Avançado,1,4060
306,307,2023-09-24,Moto G80 Plus,Avançado,2,4717
307,308,2023-12-29,Samsung S20 Ultra,Avançado,2,4185
308,309,2023-10-16,Samsung A15,Intermediário,2,2836
309,310,2023-10-12,Samsung M10 Plus,Entrada,2,1833
310,311,2023-07-06,Moto G80 Plus,Avançado,2,4717
311,312,2023-07-14,Moto G80 Plus,Avançado,1,4717
312,313,2023-08-09,Redmi Note 14 Pro,Intermediário,2,2764
313,314,2023-03-07,Redmi Note 10,Entrada,1,1077
314,315,2023-07-25,Redmi Note 14 Pro,Intermediário,2,2764
315,316,2023-12-06,Redmi Note 16 Pro,Avançado,2,4060
316,317,2023-02-17,Samsung S20 Ultra,Avançado,2,4185
317,318,2023-03-23,Samsung S20 Ultra,Avançado,1,4185
318,319,2023-07-19,Samsung S20 Ultra,Avançado,2,4185
319,320,2023-11-06,Samsung S20 Ultra,Avançado,2,4185
320,321,2023-07-18,Moto G35,Intermediário,1,3384
321,322,2023-05-18,Moto G80 Plus,Avançado,1,4717
322,323,2023-01-16,Samsung M10 Plus,Entrada,2,1833
323,324,2023-10-02,Redmi Note 10,Entrada,2,1077
324,325,2023-06-07,Samsung M10 Plus,Entrada,2,1833
325,326,2023-07-01,Redmi Note 16 Pro,Avançado,2,4060
326,327,2023-02-12,Moto G80 Plus,Avançado,1,4717
327,328,2023-05-11,Moto G10 Plus,Entrada,1,1399
328,329,2023-10-13,Redmi Note 16 Pro,Avançado,2,4060
329,330,2023-02-05,Samsung M10 Plus,Entrada,1,1833
330,331,2023-10-03,Samsung M10 Plus,Entrada,1,1833
331,332,2023-01-24,Redmi Note 16 Pro,Avançado,1,4060
332,333,2023-05-21,Samsung A15,Intermediário,1,2836
333,334,2023-12-22,Samsung A15,Intermediário,1,2836
334,335,2023-07-04,Moto G35,Intermediário,2,3384
335,336,2023-07-14,Redmi Note 16 Pro,Avançado,2,4060
336,337,2023-10-04,Samsung S20 Ultra,Avançado,1,4185
337,338,2023-05-12,Moto G35,Intermediário,2,3384
338,339,2023-03-23,Samsung S20 Ultra,Avançado,1,4185
339,340,2023-02-08,Samsung S20 Ultra,Avançado,1,4185
340,341,2023-02-12,Redmi Note 14 Pro,Intermediário,1,2764
341,342,2023-02-07,Samsung M10 Plus,Entrada,1,1833
342,343,2023-12-29,Moto G10 Plus,Entrada,1,1399
343,344,2023-02-10,Samsung S20 Ultra,Avançado,2,4185
344,345,2023-10-11,Redmi Note 10,Entrada,2,1077
345,346,2023-05-13,Samsung A15,Intermediário,2,2836
346,347,2023-06-15,Samsung A15,Intermediário,2,2836
347,348,2023-10-19,Redmi Note 10,Entrada,2,1077
348,349,2023-01-31,Samsung A15,Intermediário,2,2836
349,350,2023-09-21,Samsung M10 Plus,Entrada,2,1833
350,351,2023-03-30,Redmi Note 10,Entrada,1,1077
351,352,2023-08-28,Samsung A15,Intermediário,2,2836
352,353,2023-05-28,Moto G10 Plus,Entrada,2,1399
353,354,2023-11-30,Samsung S20 Ultra,Avançado,1,4185
354,355,2023-11-09,Samsung S20 Ultra,Avançado,2,4185
355,356,2023-03-02,Redmi Note 10,Entrada,1,1077
356,357,2023-01-25,Redmi Note 14 Pro,Intermediário,2,2764
357,358,2023-06-10,Redmi Note 14 Pro,Intermediário,1,2764
358,359,2023-12-31,Redmi Note 10,Entrada,2,1077
359,360,2023-10-23,Samsung M10 Plus,Entrada,1,1833
360,361,2023-04-15,Moto G35,Intermediário,2,3384
361,362,2023-04-27,Moto G80 Plus,Avançado,1,4717
362,363,2023-01-17,Moto G10 Plus,Entrada,2,1399
363,364,2023-08-07,Redmi Note 16 Pro,Avançado,2,4060
364,365,2023-07-28,Samsung M10 Plus,Entrada,1,1833
365,366,2023-10-30,Samsung S20 Ultra,Avançado,1,4185
366,367,2023-08-13,Samsung M10 Plus,Entrada,2,1833
367,368,2023-04-05,Moto G35,Intermediário,2,3384
368,369,2023-12-07,Moto G10 Plus,Entrada,2,1399
369,370,2023-10-07,Redmi Note 14 Pro,Intermediário,1,2764
370,371,2023-05-24,Moto G80 Plus,Avançado,1,4717
371,372,2023-06-22,Moto G35,Intermediário,1,3384
372,373,2023-03-25,Moto G35,Intermediário,1,3384
373,374,2023-04-30,Moto G10 Plus,Entrada,1,1399
374,375,2023-02-25,Samsung M10 Plus,Entrada,1,1833
375,376,2023-12-21,Moto G80 Plus,Avançado,2,4717
376,377,2023-10-29,Moto G35,Intermediário,1,3384
377,378,2023-12-04,Moto G80 Plus,Avançado,2,4717
378,379,2023-08-04,Moto G80 Plus,Avançado,1,4717
379,380,2023-03-19,Moto G80 Plus,Avançado,1,4717
380,381,2023-12-17,Moto G10 Plus,Entrada,1,1399
381,382,2023-08-20,Redmi Note 16 Pro,Avançado,2,4060
382,383,2023-08-14,Redmi Note 14 Pro,Intermediário,1,2764
383,384,2023-10-12,Samsung S20 Ultra,Avançado,2,4185
384,385,2023-09-02,Redmi Note 10,Entrada,2,1077
385,386,2023-03-07,Samsung A15,Intermediário,1,2836
386,387,2023-03-10,Redmi Note 16 Pro,Avançado,1,4060
387,388,2023-08-02,Redmi Note 14 Pro,Intermediário,1,2764
388,389,2023-09-10,Redmi Note 10,Entrada,2,1077
389,390,2023-02-18,Samsung S20 Ultra,Avançado,2,4185
390,391,2023-04-10,Samsung S20 Ultra,Avançado,1,4185
391,392,2023-03-11,Redmi Note 16 Pro,Avançado,1,4060
392,393,2023-04-10,Redmi Note 10,Entrada,1,1077
393,394,2023-03-13,Samsung A15,Intermediário,2,2836
394,395,2023-01-02,Samsung S20 Ultra,Avançado,2,4185
395,396,2023-05-10,Redmi Note 16 Pro,Avançado,1,4060
396,397,2023-07-19,Redmi Note 16 Pro,Avançado,1,4060
397,398,2023-06-03,Redmi Note 16 Pro,Avançado,1,4060
398,399,2023-04-11,Redmi Note 14 Pro,Intermediário,2,2764
399,400,2023-03-19,Samsung M10 Plus,Entrada,2,1833
400,401,2023-04-19,Moto G10 Plus,Entrada,2,1399
401,402,2023-06-28,Samsung A15,Intermediário,1,2836
402,403,2023-04-07,Samsung S20 Ultra,Avançado,2,4185
403,404,2023-02-13,Moto G35,Intermediário,1,3384
404,405,2023-10-03,Moto G35,Intermediário,2,3384
405,406,2023-12-21,Samsung A15,Intermediário,1,2836
406,407,2023-10-29,Samsung A15,Intermediário,2,2836
407,408,2023-04-11,Moto G35,Intermediário,2,3384
408,409,2023-12-03,Moto G35,Intermediário,1,3384
409,410,2023-04-23,Moto G10 Plus,Entrada,2,1399
410,411,2023-08-23,Samsung M10 Plus,Entrada,1,1833
411,412,2023-01-09,Redmi Note 14 Pro,Intermediário,2,2764
412,413,2023-07-31,Moto G35,Intermediário,1,3384
413,414,2023-03-06,Redmi Note 14 Pro,Intermediário,1,2764
414,415,2023-04-07,Redmi Note 10,Entrada,2,1077
415,416,2023-12-30,Samsung S20 Ultra,Avançado,2,4185
416,417,2023-12-08,Samsung S20 Ultra,Avançado,2,4185
417,418,2023-10-08,Redmi Note 16 Pro,Avançado,1,4060
418,419,2023-01-03,Samsung A15,Intermediário,1,2836
419,420,2023-04-19,Moto G80 Plus,Avançado,2,4717
420,421,2023-07-23,Moto G35,Intermediário,1,3384
421,422,2023-09-01,Redmi Note 16 Pro,Avançado,2,4060
422,423,2023-10-12,Redmi Note 10,Entrada,1,1077
423,424,2023-12-18,Moto G10 Plus,Entrada,1,1399
424,425,2023-03-07,Moto G35,Intermediário,2,3384
425,426,2023-07-30,Redmi Note 16 Pro,Avançado,1,4060
426,427,2023-01-22,Moto G80 Plus,Avançado,1,4717
427,428,2023-04-22,Samsung S20 Ultra,Avançado,1,4185
428,429,2023-07-17,Samsung S20 Ultra,Avançado,2,4185
429,430,2023-10-17,Redmi Note 16 Pro,Avançado,1,4060
430,431,2023-04-17,Samsung M10 Plus,Entrada,1,1833
431,432,2023-05-11,Redmi Note 14 Pro,Intermediário,2,2764
432,433,2023-01-28,Samsung S20 Ultra,Avançado,1,4185
433,434,2023-08-21,Samsung M10 Plus,Entrada,2,1833
434,435,2023-05-28,Redmi Note 16 Pro,Avançado,2,4060
435,436,2023-11-24,Moto G10 Plus,Entrada,1,1399
436,437,2023-10-13,Redmi Note 14 Pro,Intermediário,2,2764
437,438,2023-08-14,Redmi Note 16 Pro,Avançado,2,4060
438,439,2023-11-01,Moto G80 Plus,Avançado,2,4717
439,440,2023-12-03,Samsung M10 Plus,Entrada,2,1833
440,441,2023-07-04,Redmi Note 14 Pro,Intermediário,2,2764
441,442,2023-11-16,Redmi Note 10,Entrada,1,1077
442,443,2023-11-04,Redmi Note 10,Entrada,1,1077
443,444,2023-09-08,Samsung A15,Intermediário,1,2836
444,445,2023-03-03,Samsung S20 Ultra,Avançado,2,4185
445,446,2023-04-17,Moto G80 Plus,Avançado,2,4717
446,447,2023-10-01,Redmi Note 10,Entrada,1,1077
447,448,2023-02-15,Moto G35,Intermediário,2,3384
448,449,2023-03-04,Moto G35,Intermediário,2,3384
449,450,2023-01-23,Redmi Note 16 Pro,Avançado,2,4060
450,451,2023-08-14,Redmi Note 16 Pro,Avançado,1,4060
451,452,2023-04-13,Moto G10 Plus,Entrada,2,1399
452,453,2023-05-18,Samsung S20 Ultra,Avançado,2,4185
453,454,2023-09-19,Moto G35,Intermediário,2,3384
454,455,2023-11-29,Samsung M10 Plus,Entrada,2,1833
455,456,2023-03-03,Samsung M10 Plus,Entrada,2,1833
456,457,2023-06-20,Moto G35,Intermediário,2,3384
457,458,2023-09-05,Redmi Note 16 Pro,Avançado,2,4060
458,459,2023-11-12,Moto G80 Plus,Avançado,2,4717
459,460,2023-10-01,Moto G35,Intermediário,1,3384
460,461,2023-07-16,Samsung S20 Ultra,Avançado,2,4185
461,462,2023-11-13,Moto G80 Plus,Avançado,2,4717
462,463,2023-06-03,Redmi Note 10,Entrada,1,1077
463,464,2023-05-23,Moto G80 Plus,Avançado,1,4717
464,465,2023-11-14,Moto G80 Plus,Avançado,1,4717
465,466,2023-07-01,Samsung A15,Intermediário,2,2836
466,467,2023-03-23,Redmi Note 14 Pro,Intermediário,2,2764
467,468,2023-01-30,Redmi Note 14 Pro,Intermediário,2,2764
468,469,2023-07-18,Samsung A15,Intermediário,1,2836
469,470,2023-01-29,Redmi Note 14 Pro,Intermediário,1,2764
470,471,2023-07-22,Redmi Note 14 Pro,Intermediário,1,2764
471,472,2023-05-14,Moto G10 Plus,Entrada,2,1399
472,473,2023-12-07,Samsung S20 Ultra,Avançado,1,4185
473,474,2023-06-28,Redmi Note 10,Entrada,2,1077
474,475,2023-03-28,Samsung S20 Ultra,Avançado,2,4185
475,476,2023-07-01,Moto G35,Intermediário,1,3384
476,477,2023-09-24,Redmi Note 16 Pro,Avançado,2,4060
477,478,2023-02-13,Samsung M10 Plus,Entrada,1,1833
478,479,2023-11-12,Redmi Note 16 Pro,Avançado,2,4060
479,480,2023-05-23,Samsung S20 Ultra,Avançado,1,4185
480,481,2023-05-01,Moto G35,Intermediário,2,3384
481,482,2023-02-26,Moto G10 Plus,Entrada,1,1399
482,483,2023-12-27,Redmi Note 14 Pro,Intermediário,2,2764
483,484,2023-05-24,Redmi Note 14 Pro,Intermediário,1,2764
484,485,2023-04-30,Samsung A15,Intermediário,1,2836
485,486,2023-11-05,Redmi Note 16 Pro,Avançado,2,4060
486,487,2023-10-16,Moto G80 Plus,Avançado,2,4717
487,488,2023-03-29,Moto G10 Plus,Entrada,1,1399
488,489,2023-01-30,Moto G80 Plus,Avançado,2,4717
489,490,2023-02-21,Redmi Note 16 Pro,Avançado,1,4060
490,491,2023-09-18,Samsung M10 Plus,Entrada,1,1833
491,492,2023-07-12,Moto G35,Intermediário,1,3384
492,493,2023-06-04,Moto G10 Plus,Entrada,2,1399
493,494,2023-12-11,Redmi Note 10,Entrada,1,1077
494,495,2023-10-01,Redmi Note 16 Pro,Avançado,1,4060
495,496,2023-11-09,Redmi Note 10,Entrada,2,1077
496,497,2023-06-10,Redmi Note 10,Entrada,2,1077
497,498,2023-08-30,Samsung S20 Ultra,Avançado,1,4185
498,499,2023-12-04,Redmi Note 10,Entrada,2,1077
499,500,2023-03-14,Samsung A15,Intermediário,2,2836
